,,"2,005","2,006","2,007","2,008","2,009","2,010","2,011","2,012",2013Q1,2013Q2,2013Q3,2013Q4,"2,013",2014Q1,2014Q2,2014Q3,2014Q4,"2,014",2015Q1,2015Q2,2015Q3,2015Q4,"2,015",2016Q1,2016Q2,2016Q3,2016Q4,"2,016",2017Q1,2017Q2,2017Q3,2017Q4,"2,017",2018Q1,2018Q2,2018Q3,2018Q4,"2,018",2019Q1,2019Q2,2019Q3,2019Q4,"2,019",2020Q1,2020Q2,2020Q3,2020Q4,"2,020",2021Q1,2021Q2,2021Q3,2021Q4,"2,021",2022Q1,2022Q2,,,,,,,,,,,,,,,,,,
,Table 2,FDI inward flows,,,,,,,,,,,,,,,,,,,,,,,,,,,,,,,,,,,,,,,,,,,,,,,,,,,,,,,,,,,,,,,,,,,,,,,,
,,2005,2006,2007,2008,2009,2010,2011,2012,2013,,,,,2014,,,,,2015,,,,,2016,,,,,2017,,,,,2018,,,,,2019,,,,,2020,,,,,2021,,,,,2022p,,,,,Half-year ,,,,Most recent quarters,,,,,,,,,,
,In USD millions ,Y,Y,Y,Y,Y,Y,Y,Y,Q1,Q2,Q3,Q4,Y,Q1,Q2,Q3,Q4,Y,Q1,Q2,Q3,Q4,Y,Q1,Q2,Q3,Q4,Y,Q1,Q2,Q3,Q4,Y,Q1,Q2,Q3,Q4,Y,Q1,Q2,Q3,Q4,Y,Q1,Q2,Q3,Q4,Y,Q1,Q2,Q3,Q4,Y,Q1,Q2,,Growth rates 2021,,Q3-Q4 2021,Q1-Q2 2022,GR,,Q1 2022,Q2 2022,GR,,,,,,,,
OECD,OECD1,"616,750","946,626","1,289,578","883,228","668,362","733,228","885,701","823,798","191,233","191,940","195,196","193,546","771,917","158,420","176,131","167,893","252,211","754,658","422,696","197,281","321,720","372,899","1,314,590","415,437","218,846","337,983","381,455","1,353,722","267,494","322,429","247,906","132,357","970,190","124,724","64,159","148,073","397,956","734,912","172,416","175,466","246,804","380,446","975,130","138,387","137,456","22,208","150,171","448,223","239,913","206,088","193,539","188,956","828,496","300,991","187,482",,85%,,"382,496","488,474",28%,,"300,991","187,482",-38%,,,,,,,,
AUS,Australia ,"-28,223","26,331","41,475","46,687","31,668","36,442","58,907","59,540",,,,,"56,273",,,,,"58,505",,,,,"29,584",,,,,"48,397",,,,,"45,220",,,,,"68,462",,,,,"39,218",,,,,"20,140","2,773","1,281","5,936","17,526","27,516","42,559","3,376",,37%,,"23,462","45,934",96%,,"42,559","3,376",-92%,,,,,,,,
AUT,Austria*,"10,778","4,888","25,492","7,254","9,397","2,728","10,820","4,003","1,260","-1,262","4,637","1,179","5,813","2,033",341,"-1,014","3,439","4,800",612,"2,483","-1,024",-774,"1,295","2,974","1,486","-1,191","-11,674","-8,401","2,623",101,"2,455","9,744","14,926","4,781",229,"-3,392","3,894","5,512","2,697","2,240",-818,662,"4,783","-1,258","1,521","-5,192","-4,348","-9,275","4,480","2,375","1,398","5,277","13,526","3,059",-695,,-,,"6,675","2,364",-65%,,"3,059",-695,-,,,,,,,,
BEL,Belgium*,,,,,,,,"88,627","-6,348","-7,149","-17,321","25,066","-5,751","23,589","-7,097","6,395","9,193","32,082","2,348","-28,515","16,403","-14,246","-24,013","11,047","-11,002","13,613","54,523","68,178",299,"-17,981","5,946","8,679","-3,057",908,"-10,155","9,248","27,118","27,119","-7,523","-30,854","20,694","29,544","11,859","5,581","-23,250","12,073","12,389","6,790","2,117","-9,681","-2,688","21,835","11,585","-3,052","-4,823",,71%,,"19,147","-7,875",-,,"-3,052","-4,823",-,,,,,,,,
CAN,Canada,"25,693","60,298","116,809","61,520","22,733","28,399","39,667","43,118","20,485","21,775","12,207","14,904","69,371","13,914","12,102","14,280","18,712","59,008","5,576","18,222","15,428","4,627","43,853","6,260","11,174","7,784","10,843","36,062","5,484","3,729","7,544","6,007","22,764","11,560","6,298","9,387","10,408","37,654","9,317","16,311","12,867","11,646","50,142","8,595","7,855","7,527",-802,"23,174","21,607","9,601","16,363","12,672","60,243","15,773","17,235",,160%,,"29,036","33,007",14%,,"15,773","17,235",9%,,,,,,,,
CHL,Chile,"7,462","7,586","13,475","18,473","13,855","16,020","25,565","26,708","7,039","5,457","6,756","7,051","26,303","5,531","3,489","7,819","8,726","25,566","1,490","4,392","9,804","4,078","19,764","3,839","2,838","2,510","1,336","10,523","2,130","1,484","1,858","1,222","6,695","5,929","3,207","2,492","1,403","13,031","2,796","4,818","4,863","1,927","14,403","6,451","2,487",21,-98,"8,861","7,498","4,300","2,982",-591,"14,189","5,072","6,345",,60%,,"2,391","11,417",377%,,"5,072","6,345",25%,,,,,,,,
COL,Colombia2,"10,235","6,751","8,886","10,564","8,035","6,430","14,647","15,040","3,670","4,015","4,713","3,812","16,210","3,790","4,945","3,673","3,760","16,169","3,249","4,068","2,197","2,107","11,621","4,681","3,657","2,244","3,276","13,858","2,459","2,492","4,957","3,793","13,701","1,982","3,773","2,704","2,839","11,299","3,394","4,090","3,163","3,342","13,990","3,175","1,371",844,"2,069","7,459","2,333","2,023","2,788","2,584","9,727","5,072","4,773",,30%,,"5,372","9,846",83%,,"5,072","4,773",-6%,,,,,,,,
CRI,Costa Rica,"1,364","1,702","2,088","2,320","1,444","1,684","2,461","2,258",959,411,458,913,"2,741",883,540,688,815,"2,927",731,639,647,734,"2,752",516,572,430,686,"2,204",878,776,545,580,"2,778",355,280,602,"1,250","2,487",705,407,542,"1,159","2,812",585,195,313,664,"1,757",774,857,"1,087",607,"3,324",921,693,,89%,,"1,694","1,614",-5%,,921,693,-25%,,,,,,,,
CZE,Czech Republic,"11,654","5,465","10,446","6,449","2,929","6,147","2,323","8,000",910,910,910,910,"3,641","1,062","2,064","1,992",374,"5,492",498,555,-299,-289,465,"1,108","5,061","2,985",660,"9,814","3,146","2,119","1,871","2,382","9,518","1,192","3,014","2,941","2,330","11,010","1,802","3,709","2,904","1,694","10,109","1,854","2,647",468,"4,441","9,411",-831,"3,203","1,290","2,142","5,805",642,"2,371",,-38%,,"3,433","3,013",-12%,,642,"2,371",269%,,,,,,,,
DNK,Denmark*,"8,614","9,161","7,233",-668,"1,428","-9,179","11,457",644,611,-789,-887,"2,110","1,045",-541,"-1,174","5,631",765,"4,680","-1,127","2,752",880,"1,112","3,617",180,-192,-644,891,235,"-2,988",-863,"8,251",-629,"3,771","2,512",-659,90,-227,"1,716","5,960","-1,911","3,323",-299,"7,073",,,"1,938",-957,"1,685",-746,"3,335",-230,"2,323","4,681",138,973,,178%,,"2,093","1,110",-47%,,138,973,607%,,,,,,,,
EST,Estonia,"2,798","1,335","2,312","1,826","1,840","1,509","1,006","1,566",35,423,323,-10,771,257,195,478,-247,684,256,-485,496,-231,36,255,85,218,501,"1,058",741,304,604,298,"1,947",41,"1,085",459,-69,"1,516","1,977",77,703,439,"3,196",551,420,"1,312","1,185","3,467","1,732",533,288,"-2,365",188,"2,159","-2,347",,-95%,,"-2,077",-188,-,,"2,159","-2,347",-,,,,,,,,
FIN,Finland,"4,749","7,655","12,452","-1,124",718,"7,359","2,552","4,156",115,"-2,461",-328,"2,567",-106,"7,145","4,155","4,015","3,233","18,548","3,623","-4,098","1,676",908,"2,110","1,517","5,798",608,652,"8,576",903,229,"1,565",161,"2,858",511,"-5,713",994,"2,038","-2,170","3,422",-115,"4,520","5,627","13,455",-300,"-2,193",897,19,"-1,575","5,333","1,142","4,160","3,168","13,804",c,c,,-,,"7,329",0,-100%,,c,c,,,,,,,,,
FRA,France,"33,209","25,340","63,511","37,521","30,735","13,891","31,671","16,069","14,317","6,846","5,591","7,511","34,264","4,211","1,518","-7,302","4,243","2,669","10,627","6,335","20,900","7,492","45,355","12,570","3,361","3,139","3,984","23,055","11,453","8,505","6,648","-1,826","24,780","3,007","8,518","3,152","27,129","41,807","15,802","9,812","-1,083","-11,432","13,100","-4,006","1,600","2,714","1,842","2,149","25,386","-2,189","8,295","-4,518","26,973","3,808","7,248",,1155%,,"3,777","11,056",193%,,"3,808","7,248",90%,,,,,,,,
DEU,Germany,"47,421","55,686","80,227","8,114","23,807","65,646","67,573","28,190","-3,287","-11,214","8,212","19,059","12,771","-7,057","1,599","8,405","-6,147","-3,200","10,298","3,979","6,073","10,184","30,534","9,081","-2,802","5,368","3,971","15,618","11,184","10,443","16,087","10,823","48,538","11,193","7,342","4,087","49,431","72,053","21,842","17,218",784,"12,820","52,664","10,992","9,176","3,768","40,506","64,442","8,737","20,620","-6,544","8,450","31,263","17,243",453,,-51%,,"1,906","17,696",828%,,"17,243",453,-97%,,,,,,,,
GRC,Greece,623,"5,358","2,112","4,490","2,437",330,"1,144","1,741",122,343,33,"2,319","2,817",573,"1,050",307,754,"2,683",210,449,195,413,"1,268",369,356,892,"1,145","2,762","1,216",946,562,754,"3,477","1,008","1,415",614,935,"3,971",907,"1,421",924,"1,768","5,019",996,735,666,808,"3,205","1,121","1,642","1,475","2,089","6,327","2,872","1,958",,97%,,"3,564","4,830",36%,,"2,872","1,958",-32%,,,,,,,,
HUN,Hungary*,"7,711","6,817","3,952","6,397","2,175","2,355","6,553","14,625",948,-915,"-2,150","5,704","3,587","2,151","-1,202","2,581","4,438","7,967",603,-217,"2,001","-16,932","-14,545","-9,760",-273,"2,166","2,427","-5,439","3,572",481,321,-860,"3,514",529,294,"2,860","2,777","6,460",878,-951,"1,445","3,077","4,448","1,433","1,725",883,"2,998","7,039",527,437,"3,268","3,260","7,492",536,570,,6%,,"6,528","1,106",-83%,,536,570,6%,,,,,,,,
ISL,Iceland*,"3,076","3,858","6,822",919,79,245,"1,107","1,025",141,61,139,56,397,-35,169,409,-95,447,679,-607,-41,678,709,-12,-353,424,-486,-427,-83,-242,228,55,-41,-244,21,-281,123,-382,-74,-122,18,-47,-225,-175,-101,-752,100,-928,-249,-83,48,309,25,-27,357,,-,,357,329,-8%,,-27,357,-,,,,,,,,
IRL,Ireland,"-31,670","-5,545","24,712","-16,421","25,717","42,807","23,566","48,901","30,920","9,469","7,187","3,009","50,585","-1,961","14,271","23,726","12,151","48,186","15,828","30,116","10,063","161,813","217,820","22,496","-2,888","13,012","6,758","39,377","2,670","78,478","2,167","-30,593","52,722","-21,139","-51,736","-10,753","71,116","-12,512","-1,615","-8,769","33,317","135,557","158,489","36,472","57,093","-21,615","10,172","82,122","-8,588","7,127","-2,150","19,537","15,926",-522,"-36,147",,-81%,,"17,387","-36,669",-,,-522,"-36,147",-,,,,,,,,
ISR,"Israel2,5","4,819","14,396","8,798","10,275","4,607","6,985","8,653","9,018","2,858","5,047","2,337","1,601","11,842","4,025","1,637","1,516","-1,128","6,049","4,876","3,187","2,257","1,016","11,336","2,719","1,850","2,746","4,674","11,988","1,979","1,735","2,726","10,452","16,893","3,360","2,709","4,042","11,404","21,515","2,906","3,208","4,416","6,833","17,363","4,521","10,279","4,125","4,185","23,109","7,912","7,380","5,592",603,"21,486","4,391","7,213",,-7%,,"6,195","11,603",87%,,"4,391","7,213",64%,,,,,,,,
ITA,Italy,"19,960","39,259","40,209","-10,814","20,078","9,179","34,355",93,,,,,"24,267",-125,"7,697","3,681","11,971","23,224","5,254",926,"4,157","9,295","19,631","3,836","1,073","6,131","17,401","28,441","5,481","6,619","5,475","6,421","23,996","6,707","5,085","6,593","19,274","37,659","4,238","-2,039","10,735","5,211","18,145","3,470","-8,091","-6,424","-12,523","-23,568","-1,945","2,329","-7,334","-2,005","-8,954","9,738",-381,,-,,"-9,338","9,357",-,,"9,738",-381,-,,,,,,,,
JPN,Japan6,"2,778","-6,503","22,548","24,418","11,939","-1,252","-1,757","1,732","1,155","1,222",59,-132,"2,303",707,-914,432,"1,921","10,622","1,677",136,"-4,182",-383,"-2,251","3,212","1,721","6,813",-254,"19,357","4,315",117,"3,445","2,509","9,354","5,203","2,844","1,089","1,616","9,961","3,062","2,354","2,644","7,420","13,751","4,420","3,435","4,902","1,223","10,704","15,115","1,154","4,633","5,412","24,650","6,474","2,308",,130%,,"10,045","8,783",-13%,,"6,474","2,308",-64%,,,,,,,,
KOR,Korea,"6,066","4,964","1,482","7,603","6,586","8,117","10,247","11,117",,,,,"6,083",,,,,-917,,,,,"3,076",,,,,"7,415",,,,,"12,699",,,,,"13,299",,,,,"12,548",,,,,"6,837","2,310","6,286","3,531","4,693","16,820","5,113","2,285",,146%,,"8,224","7,398",-10%,,"5,113","2,285",-55%,,,,,,,,
LVA,Latvia,706,"1,666","2,324","1,260",-21,420,"1,469","1,113",182,214,96,412,903,251,141,117,387,896,235,131,236,139,739,-85,-126,276,188,254,184,154,453,-48,744,142,31,247,542,961,140,69,415,303,927,194,209,334,267,"1,004",566,563,557,"1,636","3,320",358,335,,231%,,"2,193",694,-68%,,358,335,-6%,,,,,,,,
LTU,Lithuania,"1,134","2,024","2,290","1,790",-448,"1,020","1,801",802,449,125,151,-151,574,106,33,-76,,-133,338,312,171,,"1,055",-675,362,205,409,302,,,,159,"1,019",169,106,541,160,976,260,"2,202",497,63,"3,022",283,"2,947",211,43,"3,484",786,507,317,"1,163","2,773",489,756,,-20%,,"1,481","1,245",-16%,,489,756,55%,,,,,,,,
LUX,Luxembourg*,"5,976","31,802","-28,266","11,194","20,667","35,661","13,302","2,825","1,058","8,739","15,415","-1,924","23,288","5,033","15,104","-5,478","5,376","20,034",830,"4,018","24,337","16,237","45,422",566,-554,"11,368","6,184","17,564","-8,076","13,748","-12,217","-20,767","-27,311",365,"-7,865","-16,838","-58,946","-83,285","-4,108","5,405","36,755","125,662","163,713","-32,800","78,284","-23,109","46,319","68,694","8,417","2,958","9,502","-14,270","6,606","9,389","3,955",,-90%,,"-4,768","13,345",-,,"9,389","3,955",-58%,,,,,,,,
MEX,Mexico* ,"25,808","21,244","32,393","29,511","17,855","27,193","25,582","21,759","10,476","21,019","4,179","12,583","48,257","13,829","5,481","3,222","7,819","30,352","12,137","6,669","9,636","7,521","35,963","12,814","6,211","4,317","7,855","31,196","13,768","6,821","6,375","7,068","34,032","14,079","9,599","4,144","6,262","34,084","15,162","6,539","8,289","4,384","34,374","16,812","7,285","1,304","2,731","28,133","16,173","5,920","6,383","3,042","31,517","20,308","7,204",,12%,,"9,425","27,512",192%,,"20,308","7,204",-65%,,,,,,,,
NLD,Netherlands*,"39,077","13,901","119,733","5,751","38,748","-7,185","24,391","20,121","13,822",223,"25,998","11,053","51,096","12,808","23,664","7,770",776,"45,018","25,532","51,889","69,234","29,293","175,949","44,628","-18,015","27,364","6,453","60,430","18,963","-1,967","43,629","-40,078","20,545","23,113","18,470","-6,077","63,815","99,319","4,970","19,801","-45,353","19,442","-1,140","-29,061","-25,447","-1,392","-30,409","-86,310","-11,553","-4,385","-20,015","-41,491","-77,444","27,850","12,997",,-,,"-61,506","40,847",-,,"27,850","12,997",-53%,,,,,,,,
NZL,New Zealand,"1,204","3,707","3,589","3,117",701,-61,"4,229","3,502",763,-66,726,438,"1,860",601,202,-588,"2,221","2,437",860,25,"-1,033",-164,-311,886,421,938,734,"2,979",396,"1,075",-75,"1,325","2,721",907,"-1,160","1,561",989,"2,297",528,"3,321",428,-5,"4,273",749,403,"1,083","1,654","3,889","2,315","1,380",-506,803,"3,992","1,706","3,497",,3%,,297,"5,202",1651%,,"1,706","3,497",105%,,,,,,,,
NOR,Norway,"2,181","10,524","7,993","10,237","16,637","17,043","20,608","16,655",,,,,"-5,916",,,,,"19,504",,,,,"-2,515",,,,,"-3,900",,,,,"-5,922",,,,,226,,,,,"17,354",,,,,"-4,269",-620,"6,432","4,274","3,482","13,569","-6,423","10,341",,-,,"7,757","3,919",-49%,,"-6,423","10,341",-,,,,,,,,
POL,Poland*,"8,207","14,576","19,855","12,279","10,043","12,800","15,953","12,441",,,,,"3,626","5,138","5,923","2,664","3,887","17,612","3,346","2,030","5,629","2,058","13,063","8,968","1,106","3,166","3,357","16,596","4,034","-1,335","3,651","3,187","9,537","7,048","1,873","6,185","1,270","16,376","8,275","2,725","3,714","-1,388","13,326","7,037","2,208","3,508","2,521","15,274","9,902","3,769","10,093","5,698","29,462","13,520","6,086",,93%,,"15,791","19,606",24%,,"13,520","6,086",-55%,,,,,,,,
PRT,Portugal*,"3,010","7,477","3,021","2,194","1,342","1,517","5,997","8,157",12,-862,"3,155","5,910","8,216","-1,207","3,440","3,029",-702,"4,560","1,517","5,296",830,"1,537","9,180","1,607","1,307","1,078","1,692","5,684","3,418","2,559",700,236,"6,912","3,030","1,952","1,642",551,"7,175","2,643","4,431","2,711","2,466","12,251","1,419",-187,"1,257","5,177","7,666",883,"1,647","3,639","2,511","8,681","2,533","3,633",,13%,,"6,149","6,166",0%,,"2,533","3,633",43%,,,,,,,,
SVK,Slovak  Republic,"3,108","5,806","4,018","4,858",-7,"1,770","2,146","2,826",-283,-931,888,-278,-604,-294,-741,97,426,-512,342,-675,73,366,106,426,"-1,160",846,693,805,943,113,747,"2,206","4,008",315,-907,"1,088","1,147","1,643",276,-87,964,"1,357","2,511",81,-757,"-1,932",210,"-2,398",-734,307,432,53,59,639,653,,-,,485,"1,292",166%,,639,653,2%,,,,,,,,
SVN,Slovenia,561,707,757,"1,216",-477,106,"1,088",339,-17,-384,78,171,-151,-79,874,414,-159,"1,050",421,285,307,661,"1,675",397,452,411,-16,"1,245",384,18,189,305,896,150,332,559,343,"1,383",456,347,291,369,"1,463",212,94,11,-98,219,211,"1,303",480,-221,"1,773",599,656,,708%,,259,"1,254",385%,,599,656,10%,,,,,,,,
ESP,Spain,"27,187","32,624","71,660","78,438","13,632","40,331","32,412","24,667","11,491","2,674","1,142","13,037","28,342","7,162","9,090","11,794","-5,474","22,571","2,872","4,295","10,050","-8,660","8,557","9,477","7,272","10,754","4,036","31,538","14,219","-2,740","1,951","28,447","41,877","11,081","30,089","21,419","-5,161","57,427","10,135",-864,"6,418","2,837","18,526","7,965","9,609",622,"-4,417","13,779","7,636","6,842",46,"4,423","18,947","12,635","8,650",,38%,,"4,469","21,285",376%,,"12,635","8,650",-32%,,,,,,,,
SWE,Sweden,"11,627","27,552","28,849","36,855","10,095",141,"12,946","16,349",-45,-251,"8,696","-4,274","4,125","8,393","2,674","3,135","-10,171","4,032","2,776","-1,121","6,422",372,"8,449","4,611",819,"13,135",588,"19,153","6,538","2,748","1,799","1,426","12,511","-2,193",250,"7,045","-1,296","3,807","6,275","1,933",140,763,"9,111","21,299","-1,135","4,048","-5,085","19,127","7,636","8,400","1,525","8,233","25,794","5,013","17,594",,35%,,"9,758","22,607",132%,,"5,013","17,594",251%,,,,,,,,
CHE,Switzerland*,,,,,,,,,,,,,,,,,,"11,384",,,,,"71,228","23,457","6,676","21,650","33,202","84,983","11,863","94,015","-7,322","20,579","119,136","-58,700","-8,804","-37,188","8,980","-95,712","-13,706","-8,376","23,742","-92,867","-91,207","-32,214","-2,465","-19,430","11,922","-42,187","14,630","4,782","-6,096","-1,217","12,098","2,326","7,194",,-,,"-7,314","9,521",-,,"2,326","7,194",209%,,,,,,,,
TUR,Türkiye ,"10,031","20,185","22,047","19,851","8,585","9,086","16,136","13,743","3,061","2,462","3,768","4,275","13,565","4,446","2,852","2,642","3,034","12,973","4,401","3,170","6,445","4,961","18,978","2,874","2,849","3,905","4,025","13,653","2,802","2,045","2,838","3,274","10,959","2,228","2,872","3,122","4,313","12,535","2,930","2,170","1,968","2,594","9,662","2,487",642,"2,061","2,544","7,734","2,169","2,186","4,426","3,585","12,366","1,915","3,504",,60%,,"8,012","5,419",-32%,,"1,915","3,504",83%,,,,,,,,
GBR,United Kingdom,"182,894","147,396","176,864","91,798","89,796","58,180","42,196","55,626","19,401","36,983","21,594","-26,306","51,673","98,851","-40,914","-72,473","39,239","24,704","34,732","-45,453","9,335","40,574","39,189","72,115","19,568","36,011","130,876","258,570","30,749","7,817","41,870","15,964","96,401","32,104","9,049","2,301","44,364","87,818","-11,812","32,487","30,698","2,534","53,908","58,503","-17,758","5,871","11,643","58,260","6,949","22,480","8,710","-15,051","23,088","11,900","12,308",,-60%,,"-6,341","24,208",-,,"11,900","12,308",3%,,,,,,,,
USA,United States,"116,656","247,328","227,715","318,449","157,737","210,544","242,155","211,467","37,237","67,117","62,251","50,667","217,274","-71,976","82,268","106,970","94,723","211,985","240,161","97,086","64,312","82,289","483,849","142,270","154,893","121,155","61,698","480,016","98,848","82,287","74,236","69,702","325,073","33,819","-5,428","107,366","80,658","216,415","67,787","67,918","53,827","67,184","256,715","20,033","16,524","35,175","37,387","109,120","77,569","77,742","125,998","123,985","405,296","74,266","74,357",,271%,,"249,983","148,623",-41%,,"74,266","74,357",0%,,,,,,,,L
WLD,"Total World1,3","968,575","1,429,016","1,947,979","1,613,193","1,228,264","1,506,991","1,755,753","1,649,419","401,497","371,732","392,655","420,790","1,586,676","366,111","366,478","383,523","478,137","1,594,253","664,605","429,472","471,621","576,157","2,141,848","564,776","380,398","502,612","603,268","2,051,055","451,512","482,058","420,718","348,874","1,703,166","344,577","240,968","309,865","563,714","1,459,124","381,124","326,932","419,454","603,124","1,730,633","281,430","262,958","207,932","345,848","1,098,170","469,095","447,071","454,224","376,630","1,748,467","554,802","359,805",,59%,,"830,854","914,607",10%,,"554,802","359,805",-35%,,,,,,,,
EU,European Union (EU)1,"451,380","513,002","805,527","356,414","416,154","386,408","447,470","438,691","103,130","58,019","93,471","83,151","337,770","184,507","56,053","15,065","90,873","346,501","131,743","45,384","198,156","250,364","625,639","203,330","15,073","155,236","239,537","613,177","120,316","113,646","142,667","3,458","380,090","83,993","13,460","42,633","258,567","400,186","92,025","75,163","126,513","354,669","648,369","30,344","104,605","-25,318","63,537","173,169","65,388","66,842","16,291","-13,953","134,564","111,038","26,782",,-22%,,"2,338","137,820",5795%,,"111,038","26,782",-76%,,,,,,,,
EU27_2020,European Union – 27 countries (from 01/02/2020),"268,486","365,606","628,663","264,615","326,359","328,227","405,274","383,065","83,729","21,036","71,876","109,457","286,097","85,656","96,967","87,537","51,634","321,797","97,012","90,837","188,820","209,789","586,451","131,215","-4,495","119,225","108,661","354,607","89,567","105,828","100,797","-12,507","283,689","51,890","4,411","40,332","214,203","312,369","103,837","42,676","95,815","352,135","594,462","30,344","104,605","-25,318","63,537","173,169","65,388","66,842","16,291","-13,953","134,564","111,038","26,782",,-22%,,"2,338","137,820",5795%,,"111,038","26,782",-76%,,,,,,,,
G20,"G20 countries1,7","615,842","871,283","1,141,020","1,041,255","695,825","904,231","1,067,764","890,958","237,478","279,962","236,559","259,468","1,013,468","169,130","183,591","183,011","330,524","866,257","435,076","198,434","214,908","285,928","1,134,347","355,118","287,371","270,847","375,397","1,288,734","278,100","209,134","262,376","238,315","987,927","263,901","187,838","227,795","344,698","1,024,233","233,635","266,601","207,189","222,262","929,688","209,570","91,764","168,536","225,216","695,086","308,088","284,065","333,292","282,292","1,206,074","354,661","217,006",,74%,,"615,584","571,667",-7%,,"354,661","217,006",-39%,,,,,,,,
G20_OECD,G20-OECD countries1,"442,294","641,529","825,281","634,658","421,519","465,426","566,732","462,454","120,850","168,394","132,383","114,471","536,101","64,286","84,623","79,077","201,939","429,925","332,571","98,899","143,029","173,258","747,758","280,220","214,267","207,753","259,540","961,780","196,324","145,110","181,558","130,824","653,816","137,135","81,591","154,830","258,191","631,747","137,422","173,077","130,176","113,553","554,227","132,418","26,601","59,323","88,782","307,124","176,842","147,409","170,398","157,792","650,778","209,096","129,896",,112%,,"328,190","338,992",3%,,"209,096","129,896",-38%,,,,,,,,
G20_NON_OECD,"G20 -non OECD countries1,7","173,548","229,754","315,739","406,597","274,307","438,805","501,032","428,504","116,628","111,567","104,176","144,996","477,367","104,844","98,968","103,934","128,585","436,332","102,505","99,535","71,879","112,670","386,589","74,898","73,104","63,094","115,857","326,953","81,776","64,024","80,818","107,491","334,110","126,766","106,247","72,965","86,508","392,487","96,214","93,524","77,013","108,709","375,461","77,152","65,163","109,213","136,434","387,962","131,247","136,656","162,894","124,500","555,296","145,566","87,110",,43%,,"287,394","232,676",-19%,,"145,566","87,110",-40%,,,,,,,,
ARG,Argentina2,"5,265","5,537","6,473","9,726","4,017","11,333","10,840","15,324","2,185","3,252","2,832","1,553","9,822","1,129","-1,497","2,433","3,001","5,065","3,514","3,361","2,702","2,182","11,759","2,108",697,882,-427,"3,260","3,508","2,289","3,331","2,390","11,517","2,951","2,660","3,153","2,953","11,717","2,376",715,"1,602","1,956","6,649","1,784",-136,"1,519","1,556","4,723","2,755","1,797","1,121","1,109","6,782","3,884","4,592",,44%,,"2,230","8,476",280%,,"3,884","4,592",18%,,,,,,,,
BRA,Brazil,"15,066","18,822","34,585","45,058","25,949","77,687","97,422","82,060","12,758","15,708","12,594","18,029","59,089","14,884","15,151","17,558","16,254","63,846","9,430","12,907","11,303","16,322","49,961","13,435","14,235","10,098","15,933","53,700","21,488","16,295","12,634","16,168","66,585","18,362","11,950","11,931","17,559","59,802","11,619","17,363","22,546","13,858","65,386","10,334","6,533","8,737","2,714","28,318","14,253","10,937","19,037","6,141","50,367","27,828","27,888",,78%,,"25,178","55,716",121%,,"27,828","27,888",0.2%,,,,,,,,
CHN,China2,"104,109","124,082","156,249","171,535","131,057","243,703","280,072","241,214","59,360","69,025","57,307","105,237","290,928","61,319","53,803","64,110","88,866","268,097","66,830","61,739","42,311","71,610","242,489","41,308","37,722","25,746","69,974","174,750","33,052","21,102","32,645","79,284","166,084","81,979","61,670","34,234","57,482","235,365","53,946","42,216","25,670","65,338","187,170","44,695","47,054","64,302","97,045","253,096","95,555","79,063","72,257","87,104","333,979","101,914","45,874",,32%,,"159,361","147,788",-7%,,"101,914","45,874",-55%,,,,,,,,
IND,India2 ,"7,606","20,336","25,483","47,472","35,582","27,397","36,497","23,995","7,171","6,476","8,728","5,778","28,153","9,781","8,294","8,827","7,674","34,577","10,487","11,448","8,157","13,916","44,009","11,384","5,895","13,983","13,196","44,459","9,141","10,148","14,692","5,985","39,966","8,605","13,126","10,021","10,366","42,117","9,790","17,194","10,393","13,233","50,610","15,185","2,105","27,078","19,994","64,362","5,750","17,237","12,900","8,840","44,727","17,253","16,281",,-31%,,"21,740","33,534",54%,,"17,253","16,281",-6%,,,,,,,,
IDN,Indonesia ,"8,337","4,914","6,929","9,318","4,878","13,771","19,241","19,138","3,840","4,558","5,888","4,531","18,817","3,817","5,720","7,444","4,830","21,811","4,417","5,105","3,785","3,334","16,641","2,771","3,653","5,008","-7,511","3,921","2,924","5,104","8,197","4,354","20,579","5,189","6,130","6,705","2,539","20,563","6,617","6,134","6,150","4,982","23,883","5,283","5,211","3,735","4,362","18,591","5,233","6,621","4,881","3,999","20,733","5,579","4,281",,12%,,"8,880","9,860",11%,,"5,579","4,281",-23%,,,,,,,,
RUS,Russia,"14,375","37,442","54,922","75,856","27,752","31,668","36,868","30,188","27,765","8,480","9,784","7,368","53,397","11,288","12,886",649,"4,328","29,152","6,956","2,467",152,"2,283","11,858","1,298","8,445","4,886","22,547","37,176","10,186","7,971","7,713",83,"25,954","7,968","6,565","3,916","-5,221","13,228","9,852","6,848","8,248","7,127","32,076","-3,421","2,376","3,493","7,963","10,410","5,464","6,003","13,219","13,840","38,526","-15,538","-8,777",,270%,,"27,059","-24,315",-,,"-15,538","-8,777",-,,,,,,,,
SAU,"Saudi Arabia2,7","12,107","18,318","24,334","39,456","36,458","29,233","16,308","12,182","2,387","2,256","2,187","2,034","8,865","1,931","2,077","2,150","1,854","8,012","1,961","2,075","2,206","1,899","8,141","1,883","1,852","1,711","2,007","7,453",336,548,271,264,"1,419","1,008","1,095","1,075","1,068","4,247","1,249","1,122","1,150","1,042","4,563","1,613",826,"1,088","1,872","5,399","1,795","13,829","1,728","1,933","19,286","1,965",,,257%,,"3,661",-,-,,"1,965",-,-,,,,,,,,
ZAF,South Africa2,"6,683",303,"6,764","8,172","8,614","4,015","3,785","4,403","1,162","1,812","4,856",466,"8,296",695,"2,534",765,"1,778","5,772","-1,090",433,"1,263","1,124","1,729",712,605,780,139,"2,235","1,141",566,"1,335","-1,036","2,007",704,"3,051","1,930",-239,"5,447",764,"1,932","1,254","1,174","5,125","1,678","1,194",-739,928,"3,062",441,"1,170","37,751","1,534","40,896","2,620","1,688",,1235%,,"39,285","4,308",-89%,,"2,620","1,688",-36%,,,,,,,,
,,,,,,,,,,,,,,,,,,,,,,,,,,,,,,,,,,,,,,,,,,,,,,,,,,,,,,,,,,,,,,,,,,,,,,,,,,
,*Data excludes SPEs. Corresponding data below including SPE's4:,,,,,,,,,,,,,,,,,,,,,,,,,,,,,,,,,,,,,,,,,,,,,,,,,,,,,,,,,,,,,,,,,,,,,,,,,
AUT,Austria,"77,903","5,557","56,753","7,143","11,139","-21,694","17,182","7,371",-243,"-3,008","3,592","-4,106","-3,765","3,998","-4,045","-2,234","2,310",29,"-1,157",92,"-3,556","-2,955","-7,577","-28,483","5,781","-1,384","-10,833","-34,917","1,126",-983,"1,180","8,693","10,017","3,881",71,"-5,951","-32,903","-34,903","1,022",359,"1,885","-25,707","-22,439",-903,"1,484","-3,545","-4,507","-7,472","3,670","2,280",-531,"4,814","10,232","2,593",-656,,-,,"4,283","1,938",-55%,,"2,593",-656,-,,,,,,,,
BEL,Belgium,"34,351","58,926","93,448","-13,830","62,847","132,604","241,730","-26,383","-14,571","-15,187","-20,287","-17,974","-68,019","-10,050","-22,343","-1,506","-7,293","-41,191","3,566","-28,182",-453,"-45,502","-70,573","11,544","-13,160","13,079","47,724","59,185","4,182","-20,482","5,574","10,019",-706,"1,776","-10,791","9,540","35,166","35,691","-6,497","-33,070","18,898","30,215","9,547","5,942","-25,071","12,099","11,600","4,568","6,026","-11,160","-5,739","22,360","11,488","-4,009","-5,762",,152%,,"16,621","-9,772",-,,"-4,009","-5,762",-,,,,,,,,
DNK,Denmark,"13,451","1,589","10,908","-4,198",-401,"-12,559","9,590","-18,358",629,"-1,359",-602,"1,967",635,-796,"-1,742","5,299",826,"3,586","-1,113","2,687",-478,"1,141","2,237","8,217",-628,-923,519,"7,184","-3,245",-829,"7,097",-912,"2,112","4,883",-411,"1,228",213,"5,913","-13,949","-1,907","3,374",-386,"-12,869","2,761","-2,046","1,901","-3,365",-749,-743,"3,342",-223,"2,329","4,705",145,983,,-,,"2,106","1,128",-46%,,145,983,579%,,,,,,,,
HUN,Hungary,"20,300","19,597","70,003","72,490","5,347","-37,104","23,866","15,247",922,"-3,290","-1,964","1,826","-2,506","3,081","-2,150","2,819","5,444","9,192","1,491","-3,009","2,619","-29,268","-28,167","-7,379",169,"2,212","53,344","48,347","21,765","-1,178","5,653","-24,126","2,115","2,274","1,177","6,531","-82,505","-72,523","1,267","4,579","16,326","48,678","70,850","7,792","71,792","9,305","5,079","93,969",331,"4,684","13,347","-1,279","17,084","2,578","-17,729",,-82%,,"12,068","-15,152",-,,"2,578","-17,729",-,,,,,,,,
ISL,Iceland,,,,,,,,,145,64,143,60,412,-34,170,410,-107,439,681,-604,-50,644,670,-5,-347,430,-479,-402,-83,-242,"-1,641","-1,092","-3,058",-244,21,-281,123,-381,-74,-122,18,-46,-225,-175,-101,-752,101,-927,-249,-83,49,309,26,-27,357,,-,,357,330,-8%,,-27,357,-,,,,,,,,
LUX,Luxembourg,"116,107","128,557","191,162","105,765","204,341","222,023","412,774","545,310","92,620","187,122","99,667","245,560","624,969","53,761","-25,047","132,429","48,722","209,866","176,121","101,631","197,823","109,301","584,875","37,887","50,480","31,720","12,489","132,575","-33,858","226,636","-203,913","23,537","12,403","-86,692","-44,433","-48,296","-238,476","-417,897","9,732","-96,642","-69,012","-49,252","-205,173","-64,566","69,559","-80,269","65,780","-9,496","-20,684","-71,909","-97,020","-86,347","-275,959","-27,833","-10,556",,-,,"-183,367","-38,389",-,,"-27,833","-10,556",-,,,,,,,,
NLD,Netherlands,"189,851","313,143","334,444","282,344","339,086","135,774","349,932","259,371","98,621","79,291","92,101","111,204","381,217","8,211","45,118","71,946","6,371","131,646","-2,619","53,828","193,417","41,997","286,623","42,692","-1,123","122,889","80,510","244,967","121,142","9,706","68,643","-64,704","134,787","-8,648","58,190","-136,554","-262,206","-349,218","32,292","-17,611","76,480","-79,867","11,294","-61,302","-44,378","-7,802","-125,946","-239,428","-6,846","-13,267","-54,541","-90,432","-165,086","16,161","5,240",,-,,"-144,973","21,401",-,,"16,161","5,240",-68%,,,,,,,,
POL,Poland,"9,723","18,379","21,663","13,857","11,892","12,799","18,290","7,130",,,,,"2,734","5,117","5,861","2,659","3,872","17,509","3,346","1,725","4,708","2,042","11,819","8,977","1,087","3,166","4,100","17,329","4,034","-1,365","3,651","3,187","9,507","7,048","1,873","6,185","1,270","16,376","8,275","2,725","3,714","-1,388","13,326","7,037","2,208","3,508","2,521","15,274","9,902","3,769","10,093","5,698","29,462","13,520","6,086",,93%,,"15,791","19,606",24%,,"13,520","6,086",-55%,,,,,,,,
PRT,Portugal,"2,233","10,774","2,805","3,544","1,612","2,913","7,436","8,231",104,-731,"3,227","5,842","8,442",-555,"3,297","3,004",-856,"4,891","1,137","5,171",883,437,"7,628","1,153","1,227","1,028","1,652","5,061","3,482","2,920",696,638,"7,735","2,918","1,951","1,576",666,"7,110","2,548","4,340","2,678","2,795","12,360","1,492",-259,"1,329","5,276","7,838",868,"1,653","3,635","2,507","8,665","2,525","3,566",,11%,,"6,142","6,091",-1%,,"2,525","3,566",41%,,,,,,,,
CHE,Switzerland,-949,"43,740","32,445","15,205","28,945","28,750","25,857","28,969",,,,,646,"12,671","7,217","-9,240","-1,297","9,352","23,440","6,596","-2,775","57,065","84,327","44,001","29,760","37,871","38,653","150,285","13,004","93,641","-10,682","15,237","111,199","-51,184","-2,259","-39,245","9,535","-83,153","-17,226","-10,128","14,332","-92,776","-105,797","-43,579","-65,826","-39,402","-13,891","-162,698","12,597","-25,636","-6,547","-3,713","-23,298","3,772","-10,993",,-,,"-10,260","-7,221",-,,"3,772","-10,993",-,,,,,,,,
,Notes to tables,,,,,,,,,,,,,,,,,,,,,,,,,,,,,,,,,,,,,,,,,,,,,,,,,,,,,,,,,,,,,,,,,,,,,,,,,
,Source: OECD and IMF,,,,,,,,,,,,,,,,,,,,,,,,,,,,,,,,,,,,,,,,,,,,,,,,,,,,,,,,,,,,,,,,,,,,,,,,,
,OECD Directorate for Financial and Enterprise Affairs - Investment Division,,,,,,,,,,,,,,,,,,,,,,,,,,,,,,,,,,,,,,,,,,,,,,,,,,,,,,,,,,,,,,,,,,,,,,,,,
